Business_Name,Rating,Total_Reviews,Address,Phone,Website,Direct_Emails
Gold Coast Solar Power Solutions,4.8,(168),·,+61 7 5522 8980,https://gold-coast-solar-power-solutions.com.au/?utm_source=Google&utm_medium=Organic&utm_campaign=GMB,"info@gcsolar.com.au, sales@gcsolar.com.au"
Solahart Gold Coast,4.8,(700),·,+61 7 5576 7766,https://solahartgoldcoast.com.au/?utm_source=google&utm_medium=organic&utm_campaign=gbp,info@solahartgc.com.au
Energy Solution Centre,4.9,(237),·,+61 1300 217 079,https://energysolutioncentre.com.au/,info@energysolutioncentre.com.au
Central Solar Systems,4.7,(48),·,+61 7 5510 3036,https://www.centralsolar.com.au/?utm_source=local&utm_medium=organic&utm_campaign=gmb,info@centralsolar.com.au
Green Coast Solar and Electrical,4.9,(112),Shop 2/2 Precision Dr,+61 455 508 266,http://www.greencoastsolar.com/,"admin@greencoastsolar.com, user@domain.com."
EFS Solar,4.7,(441),·,+61 1300 911 736,https://www.efssolar.com.au/,support@efssolar.com.au
Australian Solar Installations,4.9,(28),1/9 Kohl St,+61 1300 796 076,https://australiansolarinstallations.com.au/,admin@asolari.com.au
Eco Elite,4.9,(208),3/10 Albert Ave,+61 1300 219 715,http://eco-elite.com.au/,"focus-within-polyfill@5.0.9, react-dom@18.3.1, react@18.3.1, core-js-bundle@3.2.1, lodash@4.17.21, intl-segmenter@11.7.10, hello@eco-elite.com.au, rspack@1.6.6"
Solar Uptime,4.8,(128),·,+61 1300 007 707,https://solaruptime.com.au/?utm_source=google&utm_medium=organic&utm_campaign=gmb,"info@solaruptime.com, name@email.com"
Hinterland & Coast Electrical,5.0,(93),·,+61 7 5241 1342,http://www.hinterlandcoastelectrical.com.au/,info@hinterlandcoastelectrical.com.au
Green Spark Electrical & Solar AUS,4.9,(43),3 Wildwood Ct,+61 414 352 982,http://www.greensparkelectrical.com.au/,paul@greensparkelectrical.com.au
Level Electrical & Solar Arundel,5.0,(159),·,+61 7 5657 9443,https://levelelectricalandsolar.com.au/,reachout.arundel@levelelectrical.com.au
Nexa Solar,4.5,(243),5/60 Newheath Dr,+61 1300 138 591,https://nexasolar.com.au/?utm_source=Organic&utm_medium=localsearch&utm_campaign=gmb,admin@nexasolar.com.au
SAE Group PTY LTD,4.7,(47),Level 13/50 Cavill Ave,+61 1300 182 050,https://saegroup.com.au/,"info@saegroup.com.au, sales@saegroup.com.au, 20info@saegroup.com.au"
New Generation Solar,5.0,(74),·,+61 432 877 648,https://www.ngsolar.com.au/,"bootstrap@4.6.0, slick-carousel@1.8.1, admin@ngsolar.com.au"
Solar Run Broadbeach,5.0,(19),·,+61 1300 076 527,https://www.solarrun.com.au/solar-power-queensland/?utm_source=gmb_listing&utm_medium=organic&utm_source=google,slick-carousel@1.8.1
Solarcell | Solar Repairs Gold Coast,4.4,(7),1/18 Paradise Island,+61 7 2142 8376,https://solarcell.au/,"admin@solarcell.au, 20admin@solarcell.au"
Stoked Electrical and Solar,4.9,(29),·,+61 424 533 310,https://stokedelectricalandsolar.com.au/,"user@domain.com., stokedelectricalandsolar@outlook.com"
Sunny Days Solar,5.0,(117),·,+61 423 317 238,https://www.sunnydayssolar.com.au/,info@sunnydayssolar.com.au
Sunblast Solar,5.0,(23),·,+61 408 448 800,https://sunblastsolar.com.au/,sun.b.solar@gmail.com
Solaking,5.0,(3),52 Coorumbene Ct,+61 413 813 893,https://www.solaking.com.au/,d.m.a.elec@gmail.com
Jack Cliff Electrical,5.0,(41),65 Ridgeway Ave,+61 449 973 711,https://www.jackcliffelectrical.com.au/,info@jackcliffelectrical.com.au
Todd's plumbing & electrical,4.6,(184),28 Central Park Ave,+61 482 080 423,https://toddsplumbing.com.au/,sales@toddsplumbing.com.au
PV Structures,,,·,+61 1300 769 112,https://pvstructures.com.au/?utm_source=google&utm_medium=organic&utm_campaign=gmb,info@pvstructures.com.au
EISS - The Solar Specialists,4.8,(24),·,+61 7 5568 7703,http://www.eissolutions.com.au/,info@eissolutions.com.au
NJC Solar,5.0,(51),·,+61 2 9090 4861,https://www.njcsolar.com/,"focus-within-polyfill@5.0.9, react-dom@18.3.1, info@njcsolar.com, react@18.3.1, core-js-bundle@3.2.1, lodash@4.17.21, intl-segmenter@11.7.10, rspack@1.6.6"
PDR Energy Group,4.8,(36),·,+61 1300 755 997,http://www.pdrenergy.com.au/,"focus-within-polyfill@5.0.9, react-dom@18.3.1, react@18.3.1, core-js-bundle@3.2.1, lodash@4.17.21, intl-segmenter@11.7.10, info@pdrenergy.com.au, rspack@1.6.6"
Dillon Commercial Solar,5.0,(7),·,+61 1300 314 267,https://www.dillonsolar.com.au/,"contact@mysite.com, admin@dillonsolar.com.au"
Solar Masters - Solar Panels Brisbane,4.7,(333),Suit 406/16 McDougall St,+61 1300 748 841,https://www.solarmasters.com.au/,sales@solarmasters.com.au
Focus Solar & Electrical Pty Ltd,5.0,(14),·,+61 7 5636 7749,http://focussolar.com.au/,info@focussolar.com.au
Ecokleensolar Parkwood,4.8,(23),·,+61 424 965 900,https://www.ecokleensolar.com.au/parkwood/,"commercial@ecokleensolar.com.au, info@ecokleensolar.com.au"
FAST ELECTRICAL SOLAR & DATA,5.0,(17),·,+61 423 838 457,http://www.fastelec.com.au/,sales@fastelec.com.au
Arise Solar Pty Ltd,4.5,"(6,562)",·,+61 1800 779 318,https://arisesolar.com.au/,"info@arisesolar.com.au, info@arisecomfort.com.au"
Achievers Energy,,,15 Enterprise St,+61 1300 224 483,https://www.achieversenergy.com.au/,wght@200..800
All Coast Solar Panel Cleaning,4.5,(8),·,+61 1300 590 070,http://www.allcoastsolarpanelcleaning.com.au/,matt@allcoastsolarpanelcleaning.com.au
Enertech Solar,5.0,(2),,,http://enertechsolar.com.au/,info@enertechsolar.com.au
Naus electrical services,5.0,(54),·,+61 401 838 630,https://www.nauselectrical.com.au/,"react-dom@18.3.1, react@18.3.1, core-js-bundle@3.2.1, lodash@4.17.21, intl-segmenter@11.7.10, nauselec@gmail.com, focus-within-polyfill@5.0.9"
Fallon Solutions,4.5,(196),·,+61 7 5532 6606,https://www.fallonsolutions.com.au/areas/gold-coast?utm_source=google&utm_medium=gmb&utm_content=website-link,billy@bkc.media
Cool Energy,5.0,(4),,+61 434 906 363,https://www.coolenergyqld.com/,"user@domain.com., coolenergy@outlook.com.au"
Raw power and Lighting,5.0,(3),·,+61 455 355 905,https://rawpowerandlighting.com.au/,info@rawpowerandlighting.com.au
Hawking Electrical,3.5,(8),30 Stevens St,+61 7 5527 2544,https://www.hawking.com.au/,admin@hawking.com.au
